{"loss":{"0":0.8420432806,"1":0.8399865627,"2":0.8495417833,"3":0.8275436759,"4":0.8473793268,"5":0.8221547604,"6":0.8294315934,"7":0.8300786614,"8":0.8300015926,"9":0.838873446,"10":0.8265849352,"11":0.8138149977,"12":0.836823225,"13":0.8234183788,"14":0.8122115731,"15":0.8088192344,"16":0.809931457,"17":0.8116053343,"18":0.808804512,"19":0.8028424978,"20":0.7975117564,"21":0.8071911931,"22":0.7920919657,"23":0.7899239659,"24":0.7920274138,"25":0.796880126,"26":0.7842780352,"27":0.7832020521,"28":0.7802352905,"29":0.7929632664,"30":0.7747513056,"31":0.7721227407,"32":0.7836171389,"33":0.7706490755,"34":0.7806360126,"35":0.7801474929,"36":0.7674152255,"37":0.773750782,"38":0.7647789121,"39":0.769513607,"40":0.7687844038,"41":0.7631653547,"42":0.751329422,"43":0.7547437549,"44":0.7459341288,"45":0.7515609264,"46":0.7558150291,"47":0.7450686097,"48":0.7475196719,"49":0.7583736181}}