{"loss":{"0":0.998134017,"1":0.9815921187,"2":0.9934757948,"3":0.9859289527,"4":0.9779001474,"5":0.9798674583,"6":0.9626808763,"7":0.9726902843,"8":0.9643088579,"9":0.9587527514,"10":0.9610034227,"11":0.9579746127,"12":0.9439996481,"13":0.9482917786,"14":0.9363875389,"15":0.9461269975,"16":0.9529817104,"17":0.9326046109,"18":0.942445159,"19":0.9349654317,"20":0.9319308996,"21":0.9230601192,"22":0.9141576886,"23":0.9187393188,"24":0.912612021,"25":0.9095035195,"26":0.9070947766,"27":0.9018963575,"28":0.8941493034,"29":0.8939898014,"30":0.9000539184,"31":0.8978325725,"32":0.9081100821,"33":0.9011176229,"34":0.8865919709,"35":0.8643468618,"36":0.8775382638,"37":0.8874080777,"38":0.8703860044,"39":0.8790350556,"40":0.8712987304,"41":0.8693335056,"42":0.8582222462,"43":0.8515660763,"44":0.8669384122,"45":0.8503056169,"46":0.8502256274,"47":0.8578203917,"48":0.8534808755,"49":0.8520502448}}