{"loss":{"0":0.635538578,"1":0.5531679988,"2":0.5438175797,"3":0.547460556,"4":0.533970058,"5":0.5425778627,"6":0.5413813591,"7":0.5362994671,"8":0.5553243756,"9":0.5413231254,"10":0.540150404,"11":0.5203365088,"12":0.5359073877,"13":0.5443558693,"14":0.5319467783,"15":0.5356137156,"16":0.5264570713,"17":0.5412166119,"18":0.5238806605,"19":0.526561439,"20":0.5236808062,"21":0.5240370631,"22":0.5274941921,"23":0.529181242,"24":0.5263297558,"25":0.519957304,"26":0.5213145018,"27":0.5278749466,"28":0.5284839869,"29":0.5189467072,"30":0.523860395,"31":0.5216071606,"32":0.509952724,"33":0.5120045543,"34":0.5156863332,"35":0.5210195184,"36":0.5129557252,"37":0.5107579231,"38":0.5121487379,"39":0.5071159601,"40":0.5120760798,"41":0.5112635493,"42":0.5021870136,"43":0.5075608492,"44":0.5128154755,"45":0.5110198855,"46":0.514742732,"47":0.5101140738,"48":0.5082783699,"49":0.5129107237}}