{"loss":{"0":0.5106698275,"1":0.5108198524,"2":0.5122334957,"3":0.5120144486,"4":0.508359015,"5":0.5136992335,"6":0.5043014884,"7":0.5040287375,"8":0.5052565932,"9":0.5070937872,"10":0.502284348,"11":0.4972048998,"12":0.5028250217,"13":0.4925158918,"14":0.4955955446,"15":0.4877417088,"16":0.4902968109,"17":0.5130985379,"18":0.4932388067,"19":0.5022461414,"20":0.4930574298,"21":0.494517684,"22":0.4947947562,"23":0.4870067835,"24":0.4877732396,"25":0.4937115312,"26":0.4908245206,"27":0.4900988936,"28":0.4764257073,"29":0.4877932966,"30":0.475935787,"31":0.4897660315,"32":0.4817982912,"33":0.4830708504,"34":0.4858158827,"35":0.488557905,"36":0.4794481397,"37":0.4844107628,"38":0.4770723283,"39":0.4797987342,"40":0.4855774045,"41":0.478978157,"42":0.4804161787,"43":0.4880596399,"44":0.4715051055,"45":0.4917941689,"46":0.4834997356,"47":0.4923385382,"48":0.4792118073,"49":0.4863874316}}