{"loss":{"0":0.5684466362,"1":0.5736752152,"2":0.5674943924,"3":0.5699359775,"4":0.5766281486,"5":0.5760876536,"6":0.5677964687,"7":0.568475306,"8":0.5650177598,"9":0.566181004,"10":0.5685931444,"11":0.5626023412,"12":0.5588449836,"13":0.5697377324,"14":0.56504637,"15":0.5782977939,"16":0.5551926494,"17":0.5615193844,"18":0.5603054762,"19":0.5579338074,"20":0.5566874743,"21":0.5557732582,"22":0.5565474033,"23":0.5567830205,"24":0.5638007522,"25":0.5661600828,"26":0.5538367629,"27":0.5511436462,"28":0.5593084693,"29":0.5581409931,"30":0.5601105094,"31":0.5646097064,"32":0.5549736619,"33":0.552813828,"34":0.5571414828,"35":0.5447762609,"36":0.5593134761,"37":0.5452893972,"38":0.5489377975,"39":0.5487518907,"40":0.5480160713,"41":0.5447908044,"42":0.5466547012,"43":0.5499805212,"44":0.5517587662,"45":0.5487983227,"46":0.5529872775,"47":0.5578119755,"48":0.5451919436,"49":0.5482026935}}