{
  "loss": {
    "0": 3.7785179615,
    "1": 3.7414953709,
    "2": 3.724023819,
    "3": 3.6864087582,
    "4": 3.6433215141,
    "5": 3.6299967766,
    "6": 3.5957641602,
    "7": 3.5633094311,
    "8": 3.5252244473,
    "9": 3.4977815151,
    "10": 3.4616117477,
    "11": 3.4345908165,
    "12": 3.4009575844,
    "13": 3.3588578701,
    "14": 3.3357932568,
    "15": 3.2914199829,
    "16": 3.2756757736,
    "17": 3.2344756126,
    "18": 3.2104363441,
    "19": 3.1787352562,
    "20": 3.1506197453,
    "21": 3.1004681587,
    "22": 3.0842993259,
    "23": 3.0545191765,
    "24": 3.0260791779,
    "25": 2.9886302948,
    "26": 2.9699709415,
    "27": 2.9364206791,
    "28": 2.9132449627,
    "29": 2.8812794685,
    "30": 2.8509883881,
    "31": 2.8235850334,
    "32": 2.7875294685,
    "33": 2.7663257122,
    "34": 2.7492570877,
    "35": 2.7193572521,
    "36": 2.691521883,
    "37": 2.6595873833,
    "38": 2.6375498772,
    "39": 2.6168634892,
    "40": 2.5905163288,
    "41": 2.5602812767,
    "42": 2.5436396599,
    "43": 2.5174026489,
    "44": 2.491932869,
    "45": 2.474155426,
    "46": 2.4405136108,
    "47": 2.4230563641,
    "48": 2.4056813717,
    "49": 2.3857018948
  }
}
