{
  "loss": {
    "0": 2.4401314259,
    "1": 2.3553550243,
    "2": 2.3214552402,
    "3": 2.2966039181,
    "4": 2.2779312134,
    "5": 2.2658586502,
    "6": 2.2342600822,
    "7": 2.2108006477,
    "8": 2.1946353912,
    "9": 2.1624717712,
    "10": 2.1621961594,
    "11": 2.1383616924,
    "12": 2.1300907135,
    "13": 2.0981953144,
    "14": 2.0819914341,
    "15": 2.0552589893,
    "16": 2.0409443378,
    "17": 2.0104863644,
    "18": 2.0092196465,
    "19": 1.9892838001,
    "20": 1.9853388071,
    "21": 1.9454475641,
    "22": 1.9422203302,
    "23": 1.9193543196,
    "24": 1.8978908062,
    "25": 1.8836100101,
    "26": 1.8542861938,
    "27": 1.8578373194,
    "28": 1.8476133347,
    "29": 1.8465240002,
    "30": 1.8287944794,
    "31": 1.8018277884,
    "32": 1.7912658453,
    "33": 1.7690975666,
    "34": 1.7664313316,
    "35": 1.7592695951,
    "36": 1.7226399183,
    "37": 1.7132239342,
    "38": 1.7143428326,
    "39": 1.6858547926,
    "40": 1.6709563732,
    "41": 1.6664327383,
    "42": 1.6427134275,
    "43": 1.642599225,
    "44": 1.6233179569,
    "45": 1.6155388355,
    "46": 1.6086850166,
    "47": 1.5957363844,
    "48": 1.5870319605,
    "49": 1.5656431913
  }
}
