{"loss":{"0":1.1453558207,"1":1.138228178,"2":1.1260664463,"3":1.1266672611,"4":1.1297241449,"5":1.1224797964,"6":1.1076122522,"7":1.1084837914,"8":1.1155263186,"9":1.1013747454,"10":1.1028475761,"11":1.1006058455,"12":1.1147843599,"13":1.1065877676,"14":1.116394043,"15":1.1012686491,"16":1.1177697182,"17":1.1272317171,"18":1.1053884029,"19":1.1083843708,"20":1.1138726473,"21":1.1002215147,"22":1.0910241604,"23":1.0920937061,"24":1.0920244455,"25":1.0877659321,"26":1.0765042305,"27":1.0744076967,"28":1.0807411671,"29":1.0725250244,"30":1.0753706694,"31":1.0591986179,"32":1.0575916767,"33":1.0510277748,"34":1.0614111423,"35":1.0474126339,"36":1.0558730364,"37":1.0445221663,"38":1.0349010229,"39":1.0401324034,"40":1.0446499586,"41":1.0357838869,"42":1.0233877897,"43":1.0154162645,"44":1.0260800123,"45":1.0058960915,"46":0.9892104268,"47":1.014662385,"48":1.0076271296,"49":1.0024088621}}