{
  "loss": {
    "0": 5.2992196083,
    "1": 4.9206748009,
    "2": 4.8817834854,
    "3": 4.8771457672,
    "4": 4.8715305328,
    "5": 4.8465270996,
    "6": 4.8351631165,
    "7": 4.8263869286,
    "8": 4.8140587807,
    "9": 4.8201122284,
    "10": 4.8019757271,
    "11": 4.7967233658,
    "12": 4.7893300056,
    "13": 4.7869534492,
    "14": 4.7815408707,
    "15": 4.7792463303,
    "16": 4.775144577,
    "17": 4.7712159157,
    "18": 4.766667366,
    "19": 4.768181324,
    "20": 4.7637047768,
    "21": 4.7631306648,
    "22": 4.759595871,
    "23": 4.75847435,
    "24": 4.7580709457,
    "25": 4.7578763962,
    "26": 4.753929615,
    "27": 4.7550020218,
    "28": 4.7530527115,
    "29": 4.753636837,
    "30": 4.7510766983,
    "31": 4.7510848045,
    "32": 4.7496027946,
    "33": 4.7475805283,
    "34": 4.7469291687,
    "35": 4.7458343506,
    "36": 4.7474899292,
    "37": 4.7453384399,
    "38": 4.7452015877,
    "39": 4.7454271317,
    "40": 4.7482733727,
    "41": 4.7458114624,
    "42": 4.7450146675,
    "43": 4.738363266,
    "44": 4.740395546,
    "45": 4.7399916649,
    "46": 4.7365789413,
    "47": 4.7323975563,
    "48": 4.7351036072,
    "49": 4.7328853607
  }
}
