{"loss":{"0":0.6186147928,"1":0.6194021702,"2":0.6133925319,"3":0.621081531,"4":0.6150138378,"5":0.6068566442,"6":0.609039247,"7":0.6108078361,"8":0.6007727981,"9":0.6061584353,"10":0.6199867725,"11":0.5975572467,"12":0.5988155603,"13":0.5964906216,"14":0.6100105643,"15":0.6147734523,"16":0.6004872918,"17":0.6044703126,"18":0.6072319746,"19":0.6004402041,"20":0.6070952415,"21":0.5952216387,"22":0.5989115238,"23":0.6027420759,"24":0.6022365093,"25":0.5937341452,"26":0.5953440666,"27":0.5951429009,"28":0.5992777944,"29":0.5916019678,"30":0.5975517631,"31":0.6008113623,"32":0.6013767719,"33":0.5819225311,"34":0.5807607174,"35":0.5839073658,"36":0.5771659613,"37":0.5775201917,"38":0.574729681,"39":0.5852509737,"40":0.5802364945,"41":0.5854202509,"42":0.5817407966,"43":0.5757572055,"44":0.5796177983,"45":0.5766389966,"46":0.5701282024,"47":0.5622183084,"48":0.5768569708,"49":0.573564291}}