{"loss":{"0":0.8313174248,"1":0.7670685053,"2":0.7396914959,"3":0.7391236424,"4":0.7451736927,"5":0.7397748232,"6":0.7376616597,"7":0.7435677052,"8":0.7326362729,"9":0.7264517546,"10":0.7418071628,"11":0.7544971108,"12":0.7326615453,"13":0.7276550531,"14":0.7286102176,"15":0.718732357,"16":0.7165186405,"17":0.7360187769,"18":0.7159281373,"19":0.726313293,"20":0.6948210597,"21":0.7152006626,"22":0.717006743,"23":0.7144314051,"24":0.7072945237,"25":0.7010632753,"26":0.7090575695,"27":0.701821208,"28":0.6991358995,"29":0.7010819316,"30":0.7100408673,"31":0.7002526522,"32":0.7047002316,"33":0.6948989034,"34":0.6971700191,"35":0.6892196536,"36":0.6996153593,"37":0.6835124493,"38":0.6928832531,"39":0.6898785233,"40":0.6890192628,"41":0.6931685209,"42":0.6866257787,"43":0.6822208762,"44":0.6847882271,"45":0.6751317978,"46":0.6858461499,"47":0.6797882318,"48":0.6814787984,"49":0.6732115746}}