{
  "loss": {
    "0": 4.7336850166,
    "1": 4.7292509079,
    "2": 4.7283682823,
    "3": 4.7243618965,
    "4": 4.7162065506,
    "5": 4.7090110779,
    "6": 4.699611187,
    "7": 4.6904163361,
    "8": 4.6820883751,
    "9": 4.67318964,
    "10": 4.6645674706,
    "11": 4.6536512375,
    "12": 4.6422448158,
    "13": 4.6282644272,
    "14": 4.6144919395,
    "15": 4.6023821831,
    "16": 4.5894861221,
    "17": 4.5712857246,
    "18": 4.5571513176,
    "19": 4.5445775986,
    "20": 4.524708271,
    "21": 4.5061626434,
    "22": 4.4908866882,
    "23": 4.4724788666,
    "24": 4.4554448128,
    "25": 4.4353089333,
    "26": 4.4184885025,
    "27": 4.396294117,
    "28": 4.3773493767,
    "29": 4.3545589447,
    "30": 4.3281412125,
    "31": 4.3100547791,
    "32": 4.2942943573,
    "33": 4.2613978386,
    "34": 4.2382063866,
    "35": 4.212990284,
    "36": 4.1905975342,
    "37": 4.1536712646,
    "38": 4.1333723068,
    "39": 4.1106910706,
    "40": 4.0726547241,
    "41": 4.0498509407,
    "42": 4.0157151222,
    "43": 3.997023344,
    "44": 3.9573235512,
    "45": 3.9270370007,
    "46": 3.9001936913,
    "47": 3.8715331554,
    "48": 3.8399343491,
    "49": 3.8119556904
  }
}
