{
  "loss": {
    "0": 1.5587272644,
    "1": 1.5413805246,
    "2": 1.5201859474,
    "3": 1.5200384855,
    "4": 1.4993687868,
    "5": 1.5007054806,
    "6": 1.4930478334,
    "7": 1.471416235,
    "8": 1.4440356493,
    "9": 1.4527482986,
    "10": 1.4416764975,
    "11": 1.4311295748,
    "12": 1.4218904972,
    "13": 1.4181780815,
    "14": 1.4021034241,
    "15": 1.4103287458,
    "16": 1.392241478,
    "17": 1.3810595274,
    "18": 1.3828217983,
    "19": 1.3571366072,
    "20": 1.358345747,
    "21": 1.3492982388,
    "22": 1.3300600052,
    "23": 1.3025345802,
    "24": 1.3126766682,
    "25": 1.3054029942,
    "26": 1.2914714813,
    "27": 1.287981391,
    "28": 1.2658182383,
    "29": 1.2706063986,
    "30": 1.2628290653,
    "31": 1.2622169256,
    "32": 1.2486343384,
    "33": 1.2364033461,
    "34": 1.2407069206,
    "35": 1.2141013145,
    "36": 1.2100223303,
    "37": 1.2116342783,
    "38": 1.201457262,
    "39": 1.2003085613,
    "40": 1.1838668585,
    "41": 1.1833426952,
    "42": 1.1822490692,
    "43": 1.1687813997,
    "44": 1.1734335423,
    "45": 1.1561260223,
    "46": 1.1585440636,
    "47": 1.1581081152,
    "48": 1.1355680227,
    "49": 1.1407805681
  }
}
